[{"id":"user-file-Gandarusa.png","fileName":"Gandarusa.png","name":"Gandarusa","publicUrl":"https://assets.nicepagecdn.com/a1a1f2cb/6226122/files/Gandarusa.png","size":69952},{"id":"user-file-Senggani.png","fileName":"Senggani.png","name":"Senggani","publicUrl":"https://assets.nicepagecdn.com/a1a1f2cb/6226122/files/Senggani.png","size":60026},{"id":"user-file-BenaluKopi.png","fileName":"BenaluKopi.png","name":"BenaluKopi","publicUrl":"https://assets.nicepagecdn.com/a1a1f2cb/6226122/files/BenaluKopi.png","size":56334},{"id":"user-file-Pacing.png","fileName":"Pacing.png","name":"Pacing","publicUrl":"https://assets.nicepagecdn.com/a1a1f2cb/6226122/files/Pacing.png","size":60491},{"id":"user-file-DaunJintan.png","fileName":"DaunJintan.png","name":"DaunJintan","publicUrl":"https://assets.nicepagecdn.com/a1a1f2cb/6226122/files/DaunJintan.png","size":66119}]