[{"id":"user-image-81e5771501f48ce40368a1b5e75eecb743896f1704199a23b4f03239c8c06333327a53953f7cfe77012c285eacca80f0a7c57859f744ac278f8ee5_1280.jpg","fileName":"81e5771501f48ce40368a1b5e75eecb743896f1704199a23b4f03239c8c06333327a53953f7cfe77012c285eacca80f0a7c57859f744ac278f8ee5_1280.jpg","name":"81e5771501f48ce40368a1b5e75eecb743896f1704199a23b4f03239c8c06333327a53953f7cfe77012c285eacca80f0a7c57859f744ac278f8ee5_1280","publicUrl":"https://assets.nicepagecdn.com/a1a1f2cb/6226122/images/81e5771501f48ce40368a1b5e75eecb743896f1704199a23b4f03239c8c06333327a53953f7cfe77012c285eacca80f0a7c57859f744ac278f8ee5_1280.jpg","size":123474,"hash":"fs1DhO0WLNvZRUOVobXDLwNojxU=","width":1280,"height":853,"folderId":null,"thumbnail":{"url":"https://assets.nicepagecdn.com/a1a1f2cb/6226122/images/thumbnails/81e5771501f48ce40368a1b5e75eecb743896f1704199a23b4f03239c8c06333327a53953f7cfe77012c285eacca80f0a7c57859f744ac278f8ee5_1280.jpg","width":150,"height":100},"usages":["77626179"]},{"id":"user-image-Pacing-Rimpangnya-Bermanfaat-Mengobati-Penyakit-2.jpg","fileName":"Pacing-Rimpangnya-Bermanfaat-Mengobati-Penyakit-2.jpg","name":"Pacing-Rimpangnya-Bermanfaat-Mengobati-Penyakit-2","publicUrl":"https://assets.nicepagecdn.com/a1a1f2cb/6226122/images/Pacing-Rimpangnya-Bermanfaat-Mengobati-Penyakit-2.jpg","size":53215,"hash":"zoxLeh42GYoT/FG6COytU6uNTeI=","width":640,"height":360,"folderId":null,"thumbnail":{"url":"https://assets.nicepagecdn.com/a1a1f2cb/6226122/images/thumbnails/Pacing-Rimpangnya-Bermanfaat-Mengobati-Penyakit-2.jpg","width":150,"height":84},"usages":["58367621","696304232"]},{"id":"user-image-Indian_Borage_Plectranthus_amboinicus_1.jpg","fileName":"Indian_Borage_Plectranthus_amboinicus_1.jpg","name":"Indian_Borage_Plectranthus_amboinicus_1","publicUrl":"https://assets.nicepagecdn.com/a1a1f2cb/6226122/images/Indian_Borage_Plectranthus_amboinicus_1.jpg","size":122124,"hash":"p1ycuq5umETYRMUhEtQbJZEn4/4=","width":1200,"height":675,"folderId":null,"thumbnail":{"url":"https://assets.nicepagecdn.com/a1a1f2cb/6226122/images/thumbnails/Indian_Borage_Plectranthus_amboinicus_1.jpg","width":150,"height":84},"usages":["58367621","696304232"]},{"id":"user-image-benalu-3377768738.webp","fileName":"benalu-3377768738.webp","name":"benalu-3377768738","publicUrl":"https://assets.nicepagecdn.com/a1a1f2cb/6226122/images/benalu-3377768738.webp","size":63860,"hash":"GgDWIaKqAI6HA5/1ISkGMIsF76Y=","width":750,"height":500,"folderId":null,"thumbnail":{"url":"https://assets.nicepagecdn.com/a1a1f2cb/6226122/images/benalu-3377768738.webp","width":750,"height":500},"usages":["58367621","696304232"]},{"id":"user-image-Khasiat-Tanaman-Senggani-yang-Cantik.jpg","fileName":"Khasiat-Tanaman-Senggani-yang-Cantik.jpg","name":"Khasiat-Tanaman-Senggani-yang-Cantik","publicUrl":"https://assets.nicepagecdn.com/a1a1f2cb/6226122/images/Khasiat-Tanaman-Senggani-yang-Cantik.jpg","size":41487,"hash":"7I5BZVFSXyakmXku+Uf6g+Ro4JU=","width":696,"height":464,"folderId":null,"thumbnail":{"url":"https://assets.nicepagecdn.com/a1a1f2cb/6226122/images/thumbnails/Khasiat-Tanaman-Senggani-yang-Cantik.jpg","width":150,"height":100},"usages":["58367621","696304232"]},{"id":"user-image-Daun_Gandarusa_bs.plantnet.org.width-800.format-webp.webp","fileName":"Daun_Gandarusa_bs.plantnet.org.width-800.format-webp.webp","name":"Daun_Gandarusa_bs.plantnet.org.width-800.format-webp","publicUrl":"https://assets.nicepagecdn.com/a1a1f2cb/6226122/images/Daun_Gandarusa_bs.plantnet.org.width-800.format-webp.webp","size":52618,"hash":"nmNNI26a5E6ty2ZjJf19C4vQ1hg=","width":800,"height":1185,"folderId":null,"thumbnail":{"url":"https://assets.nicepagecdn.com/a1a1f2cb/6226122/images/Daun_Gandarusa_bs.plantnet.org.width-800.format-webp.webp","width":800,"height":1185},"usages":["58367621","696304232"]},{"id":"user-image-danau_toba-7e13-2620_547-t2620_70.webp","fileName":"danau_toba-7e13-2620_547-t2620_70.webp","name":"danau_toba-7e13-2620_547-t2620_70","publicUrl":"https://assets.nicepagecdn.com/a1a1f2cb/6226122/images/danau_toba-7e13-2620_547-t2620_70.webp","size":90676,"hash":"PekTxCeFVu7FKOaFXRtFQBaUPlc=","width":1050,"height":575,"folderId":null,"thumbnail":{"url":"https://assets.nicepagecdn.com/a1a1f2cb/6226122/images/danau_toba-7e13-2620_547-t2620_70.webp","width":1050,"height":575},"usages":["90324213"]},{"id":"user-image-Bisa_Junisa_Munthe-Rumah_adat_Karo.jpg","fileName":"Bisa_Junisa_Munthe-Rumah_adat_Karo.jpg","name":"Bisa_Junisa_Munthe-Rumah_adat_Karo","publicUrl":"https://assets.nicepagecdn.com/a1a1f2cb/6226122/images/Bisa_Junisa_Munthe-Rumah_adat_Karo.jpg","size":152002,"hash":"WJ3W4CEcehw0UxfUgaSeOT/cOj8=","width":800,"height":533,"folderId":null,"thumbnail":{"url":"https://assets.nicepagecdn.com/a1a1f2cb/6226122/images/thumbnails/Bisa_Junisa_Munthe-Rumah_adat_Karo.jpg","width":150,"height":100},"usages":["90324213"]},{"id":"user-image-gingko.png","fileName":"gingko.png","name":"gingko","publicUrl":"https://assets.nicepagecdn.com/a1a1f2cb/6226122/images/gingko.png","size":954668,"hash":"Hz6VV0oGfKjt1XCnZ090C99CUxg=","width":958,"height":637,"folderId":null,"thumbnail":{"url":"https://assets.nicepagecdn.com/a1a1f2cb/6226122/images/thumbnails/gingko.png","width":150,"height":100},"usages":["90324213"]},{"id":"user-image-235dce29f1b8b9dfcb8584e4c6a7b6e0e91b6a3ca17360112ede6aa8f33b9db2cfcfd63767a4ed7362981c50a0db4aecbfd1995e291028676ba86d_1280.jpg","fileName":"235dce29f1b8b9dfcb8584e4c6a7b6e0e91b6a3ca17360112ede6aa8f33b9db2cfcfd63767a4ed7362981c50a0db4aecbfd1995e291028676ba86d_1280.jpg","name":"235dce29f1b8b9dfcb8584e4c6a7b6e0e91b6a3ca17360112ede6aa8f33b9db2cfcfd63767a4ed7362981c50a0db4aecbfd1995e291028676ba86d_1280","publicUrl":"https://assets.nicepagecdn.com/a1a1f2cb/6226122/images/235dce29f1b8b9dfcb8584e4c6a7b6e0e91b6a3ca17360112ede6aa8f33b9db2cfcfd63767a4ed7362981c50a0db4aecbfd1995e291028676ba86d_1280.jpg","size":107330,"hash":"sUPViPS005dAq+y0OLMZcCRm/Fk=","width":1280,"height":853,"folderId":null,"thumbnail":{"url":"https://assets.nicepagecdn.com/a1a1f2cb/6226122/images/thumbnails/235dce29f1b8b9dfcb8584e4c6a7b6e0e91b6a3ca17360112ede6aa8f33b9db2cfcfd63767a4ed7362981c50a0db4aecbfd1995e291028676ba86d_1280.jpg","width":150,"height":100},"usages":["58367621"]},{"id":"user-image-newlogopti.png","fileName":"newlogopti.png","name":"newlogopti","publicUrl":"https://assets.nicepagecdn.com/a1a1f2cb/6226122/images/newlogopti.png","size":115965,"hash":"JKvXiu31ByB3Hii6TV/MyWwHFBs=","width":1080,"height":1080,"folderId":null,"thumbnail":{"url":"https://assets.nicepagecdn.com/a1a1f2cb/6226122/images/thumbnails/newlogopti.png","width":150,"height":150},"usages":[]}]