[{"id":116949133,"title":"Blog Template","order":1,"templateKey":"blog","customTemplate":false,"customTemplateFilename":null,"pageLinks":[],"dateCreated":"2024-04-03T15:19:53.166Z","dateUpdated":"2024-04-03T15:20:09.692Z","folderId":null,"pageName":"Blog Template","sectionCount":1,"status":2},{"id":22080689,"title":"Post Template","order":2,"templateKey":"post","customTemplate":false,"customTemplateFilename":null,"pageLinks":[],"dateCreated":"2024-04-03T15:19:53.354Z","dateUpdated":"2024-04-03T15:20:09.692Z","folderId":null,"pageName":"Post Template","sectionCount":1,"status":2},{"id":503818113,"title":"Product List Template","order":3,"templateKey":"products","customTemplate":false,"customTemplateFilename":null,"pageLinks":[],"dateCreated":"2024-04-03T15:19:53.554Z","dateUpdated":"2024-04-03T15:20:09.693Z","folderId":null,"pageName":"Product List Template","sectionCount":1,"status":2},{"id":247028607,"title":"Product Details Template","order":4,"templateKey":"product","customTemplate":false,"customTemplateFilename":null,"pageLinks":[],"dateCreated":"2024-04-03T15:19:53.810Z","dateUpdated":"2024-04-03T15:20:09.693Z","folderId":null,"pageName":"Product Details Template","sectionCount":1,"status":2},{"id":241593455,"title":"Shopping Cart Template","order":5,"templateKey":"cart","customTemplate":false,"customTemplateFilename":null,"pageLinks":[],"dateCreated":"2024-04-03T15:19:54.044Z","dateUpdated":"2024-04-03T15:20:09.693Z","folderId":null,"pageName":"Shopping Cart Template","sectionCount":1,"status":2},{"id":9303019,"title":"Login Template","order":7,"templateKey":"login","customTemplate":false,"customTemplateFilename":null,"pageLinks":[],"dateCreated":"2024-04-03T15:19:54.250Z","dateUpdated":"2024-04-03T15:20:09.693Z","folderId":null,"pageName":"Login Template","sectionCount":1,"status":2},{"id":32078142,"title":"Password Template","order":8,"templateKey":"password","customTemplate":false,"customTemplateFilename":null,"pageLinks":[],"dateCreated":"2024-04-03T15:19:54.342Z","dateUpdated":"2024-04-03T15:20:09.693Z","folderId":null,"pageName":"Password Template","sectionCount":1,"status":2},{"id":308569826,"title":"404 Not Found Template","order":9,"templateKey":"404","customTemplate":false,"customTemplateFilename":null,"pageLinks":[],"dateCreated":"2024-04-03T15:19:54.428Z","dateUpdated":"2024-04-03T15:20:09.693Z","folderId":null,"pageName":"404 Not Found Template","sectionCount":1,"status":2},{"id":52643203,"title":"Thank You Template","order":10,"templateKey":"ThankYou","customTemplate":false,"customTemplateFilename":null,"pageLinks":[],"dateCreated":"2024-04-03T15:19:54.500Z","dateUpdated":"2024-04-03T15:20:09.693Z","folderId":null,"pageName":"Thank You Template","sectionCount":1,"status":2},{"id":90324213,"title":"Beranda","order":50,"templateKey":null,"customTemplate":false,"customTemplateFilename":null,"pageLinks":["696304232"],"dateCreated":"2024-04-03T15:20:37.925Z","dateUpdated":"2024-04-04T09:18:57.696Z","folderId":null,"pageName":"Beranda_90324213","sectionCount":5,"status":2},{"id":71233164,"title":"Tentang","order":100,"templateKey":null,"customTemplate":false,"customTemplateFilename":null,"pageLinks":["90324213"],"dateCreated":"2024-04-03T15:19:54.819Z","dateUpdated":"2024-04-04T09:07:30.232Z","folderId":null,"pageName":"Tentang_71233164","sectionCount":1,"status":2},{"id":77626179,"title":"Tutorial","order":101,"templateKey":null,"customTemplate":false,"customTemplateFilename":null,"pageLinks":["696304232"],"dateCreated":"2024-04-03T15:19:54.862Z","dateUpdated":"2024-04-07T09:19:25.554Z","folderId":null,"pageName":"Tutorial_77626179","sectionCount":3,"status":2},{"id":58367621,"title":"Tanaman","order":102,"templateKey":null,"customTemplate":false,"customTemplateFilename":null,"pageLinks":[],"dateCreated":"2024-04-03T15:45:23.560Z","dateUpdated":"2024-04-09T11:49:02.282Z","folderId":null,"pageName":"Tanaman_58367621","sectionCount":6,"status":2},{"id":696304232,"title":"Augmented Reality","order":103,"templateKey":null,"customTemplate":false,"customTemplateFilename":null,"pageLinks":[],"dateCreated":"2024-04-04T08:09:45.168Z","dateUpdated":"2024-04-09T11:51:59.209Z","folderId":null,"pageName":"Augmented Reality_696304232","sectionCount":1,"status":2}]